{
    "model_name": "random_forest",
    "estimator_name": "RandomForestClassifier",
    "fitting_time": null,
    "accuracy": 0.8370786516853933,
    "precision": {
        "0": 0.8620689655172413,
        "1": 0.7903225806451613
    },
    "recall": {
        "0": 0.8849557522123894,
        "1": 0.7538461538461538
    },
    "prediction_time": {
        "predict_time_test": 0.014832708999847455
    }
}